MIMAT0000062_2:hsa-let-7a-5p|TGAGGTA	727089	622406	488134	1004026	812068	745530	TGAGGTA
MIMAT0000063:hsa-let-7b-5p|TGAGGTA	438838	308269	264290	565031	447306	444808	TGAGGTA
MIMAT0000064:hsa-let-7c-5p|TGAGGTA	67941	34655	29660	28131	26663	27816	TGAGGTA
MIMAT0000065:hsa-let-7d-5p|AGAGGTA	22147	25424	17252	28958	25035	18303	AGAGGTA
MIMAT0000066:hsa-let-7e-5p|TGAGGTA	42816	31851	28258	65334	68069	48160	TGAGGTA
MIMAT0000067:hsa-let-7f-5p|TGAGGTA	734035	616067	415952	885127	806652	712998	TGAGGTA
MIMAT0000068:hsa-miR-15a-5p|TAGCAGC	18975	14741	12316	27741	24257	19193	TAGCAGC
MIMAT0000069:hsa-miR-16-5p|TAGCAGC	633020	454988	358973	676321	515701	477477	TAGCAGC
MIMAT0000070:hsa-miR-17-5p|CAAAGTG	3121	4037	3070	6354	5550	4339	CAAAGTG
MIMAT0000070:hsa-miR-17-5p|TCAAAGT	37	248	129	156	0	69	TCAAAGT
MIMAT0000071:hsa-miR-17-3p|ACTGCAG	78	109	70	155	130	119	ACTGCAG
MIMAT0000072:hsa-miR-18a-5p|TAAGGTG	481	913	773	703	883	522	TAAGGTG
MIMAT0000073:hsa-miR-19a-3p|TGTGCAA	2308	3587	2433	2068	3314	2676	TGTGCAA
MIMAT0000073:hsa-miR-19a-3p|TTGTGCA	125	97	103	95	165	152	TTGTGCA
MIMAT0000074:hsa-miR-19b-3p|TGTGCAA	22187	29137	20124	18420	25369	22850	TGTGCAA
MIMAT0000075:hsa-miR-20a-5p|TAAAGTG	9584	12229	11360	27131	17621	20060	TAAAGTG
MIMAT0000076:hsa-miR-21-5p|TAGCTTA	289514	342877	284880	569443	614367	529482	TAGCTTA
MIMAT0000077:hsa-miR-22-3p|AAGCTGC	28996	28344	33548	64801	59632	48110	AAGCTGC
MIMAT0000078:hsa-miR-23a-3p|ATCACAT	243569	221034	179690	470693	404177	306915	ATCACAT
MIMAT0000080_1:hsa-miR-24-3p|TGGCTCA	221553	213413	169980	284821	269384	205214	TGGCTCA
MIMAT0000081:hsa-miR-25-3p|CATTGCA	15284	12141	7871	16126	13920	12059	CATTGCA
MIMAT0000082_1:hsa-miR-26a-5p|TTCAAGT	193023	183225	179215	533924	372208	347753	TTCAAGT
MIMAT0000083:hsa-miR-26b-5p|TTCAAGT	266265	205633	154859	224271	199916	189595	TTCAAGT
MIMAT0000084:hsa-miR-27a-3p|TTCACAG	357848	365966	195827	327668	398695	268800	TTCACAG
MIMAT0000085:hsa-miR-28-5p|AAGGAGC	794	810	717	1323	895	827	AAGGAGC
MIMAT0000086:hsa-miR-29a-3p|CTAGCAC	6387	6841	3888	10446	16536	9136	CTAGCAC
MIMAT0000086:hsa-miR-29a-3p|TAGCACC	70024	75804	39307	147570	197076	140268	TAGCACC
MIMAT0000087:hsa-miR-30a-5p|GTAAACA	0	139	142	0	0	0	GTAAACA
MIMAT0000087:hsa-miR-30a-5p|TGTAAAC	18045	11124	12753	26630	18366	19429	TGTAAAC
MIMAT0000088:hsa-miR-30a-3p|CTTTCAG	3563	1834	1663	4971	3127	3419	CTTTCAG
MIMAT0000088:hsa-miR-30a-3p|TTTCAGT	703	517	348	997	582	585	TTTCAGT
MIMAT0000089:hsa-miR-31-5p|AGGCAAG	17527	24055	14157	20179	19239	14212	AGGCAAG
MIMAT0000090:hsa-miR-32-5p|TATTGCA	1820	1889	1749	2272	2684	1878	TATTGCA
MIMAT0000091:hsa-miR-33a-5p|GTGCATT	374	662	546	579	751	408	GTGCATT
MIMAT0000092:hsa-miR-92a-3p|TATTGCA	6032	7462	6621	17227	10043	10481	TATTGCA
MIMAT0000093:hsa-miR-93-5p|CAAAGTG	7487	5474	3780	11537	9895	8862	CAAAGTG
MIMAT0000095:hsa-miR-96-5p|TTTGGCA	11	33	13	108	132	84	TTTGGCA
MIMAT0000096:hsa-miR-98-5p|TGAGGTA	14250	14011	11538	21409	20247	14924	TGAGGTA
MIMAT0000097:hsa-miR-99a-5p|AACCCGT	8478	4968	5413	5330	4072	5021	AACCCGT
MIMAT0000097:hsa-miR-99a-5p|GACCCGT	130	60	0	0	0	0	GACCCGT
MIMAT0000098:hsa-miR-100-5p|AACCCGT	13538	15687	8923	25631	27959	22083	AACCCGT
MIMAT0000099:hsa-miR-101-3p|GTACAGT	26317	22264	19517	15516	26180	15205	GTACAGT
MIMAT0000099:hsa-miR-101-3p|TACAGTA	46440	52811	40913	21605	33717	22623	TACAGTA
MIMAT0000100_1:hsa-miR-29b-3p|CTAGCAC	417	0	0	426	0	0	CTAGCAC
MIMAT0000100_1:hsa-miR-29b-3p|TAGCACC	16513	35490	16161	37466	67048	37587	TAGCACC
MIMAT0000101_1:hsa-miR-103a-3p|AGCAGCA	44912	47712	49313	217639	74244	103940	AGCAGCA
MIMAT0000104:hsa-miR-107|AGCAGCA	1134	1380	1197	7950	12148	1843	AGCAGCA
MIMAT0000222:hsa-miR-192-5p|CTGACCT	1001	718	732	1143	1225	1088	CTGACCT
MIMAT0000222:hsa-miR-192-5p|TGACCTA	481	227	273	702	833	673	TGACCTA
MIMAT0000226_1:hsa-miR-196a-5p|TAGGTAG	99132	57670	45971	79616	69040	66915	TAGGTAG
MIMAT0000227:hsa-miR-197-3p|TTCACCA	860	948	873	1896	1507	1072	TTCACCA
MIMAT0000231_1:hsa-miR-199a-5p|CCCAGTG	172948	138044	114067	135167	177252	126930	CCCAGTG
MIMAT0000232_1:hsa-miR-199a-3p|ACAGTAG	729485	462214	461439	906271	366490	307054	ACAGTAG
MIMAT0000232_1:hsa-miR-199a-3p|CAGTAGT	44876	0	0	96577	119177	98320	CAGTAGT
MIMAT0000232_1:hsa-miR-199a-3p|TACAGTA	0	28833	148564	199790	63856	181768	TACAGTA
MIMAT0000243:hsa-miR-148a-3p|TCAGTGC	781492	575013	465443	448709	607917	481262	TCAGTGC
MIMAT0000244:hsa-miR-30c-5p|TGTAAAC	36660	26949	22417	40761	40153	27947	TGTAAAC
MIMAT0000245:hsa-miR-30d-5p|TGTAAAC	20433	17723	15400	32601	29779	25468	TGTAAAC
MIMAT0000252_2:hsa-miR-7-5p|TGGAAGA	2015	1831	2440	4880	5020	4719	TGGAAGA
MIMAT0000253:hsa-miR-10a-5p|ACCCTGT	14	10	17	8545	7862	5397	ACCCTGT
MIMAT0000253:hsa-miR-10a-5p|TACCCTG	101	62	75	19874	17226	12139	TACCCTG
MIMAT0000254:hsa-miR-10b-5p|ACCCTGT	8793	5092	6508	9457	7063	6553	ACCCTGT
MIMAT0000254:hsa-miR-10b-5p|TACCCTG	61811	39946	50592	46272	34887	33505	TACCCTG
MIMAT0000255:hsa-miR-34a-5p|TGGCAGT	62876	41260	58204	57954	63239	58037	TGGCAGT
MIMAT0000256:hsa-miR-181a-5p|AACATTC	2565	3512	8758	71163	34556	46779	AACATTC
MIMAT0000257:hsa-miR-181b-5p|AACATTC	1132	1376	4168	37319	22069	22439	AACATTC
MIMAT0000257:hsa-miR-181b-5p|ACATTCA	119	146	256	3961	1859	2411	ACATTCA
MIMAT0000257:hsa-miR-181b-5p|CAACATT	461	521	1062	11121	10805	8426	CAACATT
MIMAT0000258:hsa-miR-181c-5p|AACATTC	52	52	76	111	61	98	AACATTC
MIMAT0000259:hsa-miR-182-5p|TTTGGCA	97	115	41	527	658	426	TTTGGCA
MIMAT0000263:hsa-miR-199b-5p|CCCAGTG	131792	95196	72412	26331	55588	34096	CCCAGTG
MIMAT0000264:hsa-miR-203a-3p|GTGAAAT	341	274	246	276	337	611	GTGAAAT
MIMAT0000264:hsa-miR-203a-3p|TGAAATG	315	209	189	245	210	475	TGAAATG
MIMAT0000265:hsa-miR-204-5p|TTCCCTT	0	12	0	152	34	96	TTCCCTT
MIMAT0000267:hsa-miR-210-3p|CTGTGCG	8943	13972	9861	7145	8389	4944	CTGTGCG
MIMAT0000270:hsa-miR-181a-3p|ACCATCG	1228	1366	3708	21627	16450	20720	ACCATCG
MIMAT0000271:hsa-miR-214-3p|ACAGCAG	4017	4425	4978	6775	4516	4218	ACAGCAG
MIMAT0000271:hsa-miR-214-3p|GTACAGC	95	125	94	0	0	0	GTACAGC
MIMAT0000271:hsa-miR-214-3p|TACAGCA	2979	3267	2459	3471	2476	2322	TACAGCA
MIMAT0000275:hsa-miR-218-5p|TTGTGCT	228	63	566	4145	2414	3004	TTGTGCT
MIMAT0000278:hsa-miR-221-3p|AGCTACA	23147	36373	28804	55802	64842	38967	AGCTACA
MIMAT0000279:hsa-miR-222-3p|AGCTACA	2684	4781	3460	7121	10784	4920	AGCTACA
MIMAT0000281:hsa-miR-224-5p|CAAGTCA	6261	2794	2770	2834	1889	2122	CAAGTCA
MIMAT0000318:hsa-miR-200b-3p|TAATACT	233	140	111	127	134	204	TAATACT
MIMAT0000414:hsa-let-7g-5p|TGAGGTA	95590	88286	72517	134487	121609	100170	TGAGGTA
MIMAT0000415:hsa-let-7i-5p|TGAGGTA	252303	193904	182094	260629	269421	303573	TGAGGTA
MIMAT0000416_1:hsa-miR-1-3p|TGGAATG	2414	946	1160	1340	1033	1559	TGGAATG
MIMAT0000417:hsa-miR-15b-5p|TAGCAGC	8263	8778	5020	3936	3533	2635	TAGCAGC
MIMAT0000418:hsa-miR-23b-3p|ATCACAT	137788	111294	88498	133153	96522	95332	ATCACAT
MIMAT0000418:hsa-miR-23b-3p|TCACATT	6216	5707	3532	4522	4930	3458	TCACATT
MIMAT0000419:hsa-miR-27b-3p|TTCACAG	514555	443419	308975	380592	357881	322875	TTCACAG
MIMAT0000420:hsa-miR-30b-5p|TGTAAAC	21967	22483	14482	24435	27773	19826	TGTAAAC
MIMAT0000423:hsa-miR-125b-5p|TCCCTGA	148626	116588	64238	139746	202581	144577	TCCCTGA
MIMAT0000424:hsa-miR-128-3p|TCACAGT	10173	8869	8069	14043	14152	10447	TCACAGT
MIMAT0000425:hsa-miR-130a-3p|CAGTGCA	11958	13221	7515	3706	6943	3482	CAGTGCA
MIMAT0000426:hsa-miR-132-3p|TAACAGT	350	299	407	958	711	607	TAACAGT
MIMAT0000427:hsa-miR-133a-3p|TTGGTCC	116	59	53	74	43	76	TTGGTCC
MIMAT0000429:hsa-miR-137-3p|ATTGCTT	57	19	130	72	57	78	ATTGCTT
MIMAT0000429:hsa-miR-137-3p|TATTGCT	162	48	411	219	112	252	TATTGCT
MIMAT0000429:hsa-miR-137-3p|TTATTGC	1291	469	2931	2035	1439	2393	TTATTGC
MIMAT0000430_1:hsa-miR-138-5p|AGCTGGT	1843	6515	5125	32694	22339	19171	AGCTGGT
MIMAT0000431:hsa-miR-140-5p|CAGTGGT	631013	738668	511665	612589	679924	542337	CAGTGGT
MIMAT0000434:hsa-miR-142-3p|TGTAGTG	39	73	63	195	67	195	TGTAGTG
MIMAT0000435:hsa-miR-143-3p|TGAGATG	117733	145301	141963	242587	319325	224252	TGAGATG
MIMAT0000437:hsa-miR-145-5p|GTCCAGT	7844	11762	9830	13823	16382	11140	GTCCAGT
MIMAT0000438:hsa-miR-152-3p|TCAGTGC	246966	185907	159419	229049	281054	216576	TCAGTGC
MIMAT0000440:hsa-miR-191-5p|CAACGGA	45394	34213	27165	55185	52245	42113	CAACGGA
MIMAT0000441:hsa-miR-9-5p|TCTTTGG	496	146	1137	70	78	71	TCTTTGG
MIMAT0000442:hsa-miR-9-3p|TAAAGCT	64	13	141	12	10	6	TAAAGCT
MIMAT0000443:hsa-miR-125a-5p|TCCCTGA	26384	22685	18344	46390	47303	36320	TCCCTGA
MIMAT0000444:hsa-miR-126-5p|CATTATT	237	400	738	1589	717	1140	CATTATT
MIMAT0000445:hsa-miR-126-3p|CGTACCG	169	294	447	1235	480	837	CGTACCG
MIMAT0000445:hsa-miR-126-3p|TCGTACC	424	592	1021	3312	1281	2239	TCGTACC
MIMAT0000446:hsa-miR-127-3p|TCGGATC	24533	19933	16004	9186	18394	8824	TCGGATC
MIMAT0000447:hsa-miR-134-5p|TGTGACT	10910	9541	7806	3685	8466	4079	TGTGACT
MIMAT0000448:hsa-miR-136-5p|ACTCCAT	4259	6311	7280	2160	3610	2365	ACTCCAT
MIMAT0000449:hsa-miR-146a-5p|TGAGAAC	22	22	47	1447	697	849	TGAGAAC
MIMAT0000450:hsa-miR-149-5p|TCTGGCT	354	427	598	1270	592	562	TCTGGCT
MIMAT0000452:hsa-miR-154-5p|TAGGTTA	6797	6599	5286	2729	4320	2510	TAGGTTA
MIMAT0000453:hsa-miR-154-3p|AATCATA	264	395	387	103	287	159	AATCATA
MIMAT0000455:hsa-miR-185-5p|TGGAGAG	4827	3912	3776	9147	8445	6226	TGGAGAG
MIMAT0000456:hsa-miR-186-5p|CAAAGAA	34570	30950	26410	51312	58797	46707	CAAAGAA
MIMAT0000457:hsa-miR-188-5p|CATCCCT	227	225	175	269	330	195	CATCCCT
MIMAT0000458:hsa-miR-190a-5p|TGATATG	29391	17791	19289	8193	9295	6303	TGATATG
MIMAT0000460:hsa-miR-194-5p|TGTAACA	960	723	736	1261	1421	1132	TGTAACA
MIMAT0000461:hsa-miR-195-5p|TAGCAGC	31681	21412	12280	32272	37795	28376	TAGCAGC
MIMAT0000510:hsa-miR-320a-3p|AAAAGCT	24528	24164	18002	30306	24821	18847	AAAAGCT
MIMAT0000510:hsa-miR-320a-3p|AAAGCTG	0	0	0	350	0	233	AAAGCTG
MIMAT0000510:hsa-miR-320a-3p|GAAAAGC	0	0	0	0	291	0	GAAAAGC
MIMAT0000617:hsa-miR-200c-3p|TAATACT	99	114	59	82	57	91	TAATACT
MIMAT0000646:hsa-miR-155-5p|TTAATGC	27358	14319	9824	8275	4399	6200	TTAATGC
MIMAT0000680:hsa-miR-106b-5p|TAAAGTG	1447	1898	1150	1644	1783	1277	TAAAGTG
MIMAT0000681:hsa-miR-29c-3p|TAGCACC	11577	8164	4125	4206	4785	4834	TAGCACC
MIMAT0000682:hsa-miR-200a-3p|TAACACT	239	163	141	110	156	195	TAACACT
MIMAT0000686:hsa-miR-34c-5p|AGGCAGT	115	184	270	137	164	191	AGGCAGT
MIMAT0000687:hsa-miR-299-3p|GTATGTG	249	269	300	118	224	145	GTATGTG
MIMAT0000687:hsa-miR-299-3p|TATGTGG	2073	2771	1818	511	1212	663	TATGTGG
MIMAT0000688:hsa-miR-301a-3p|CAGTGCA	1694	2735	1900	381	648	383	CAGTGCA
MIMAT0000689:hsa-miR-99b-5p|CACCCGT	9812	6619	6298	13244	17021	9653	CACCCGT
MIMAT0000690:hsa-miR-296-5p|AGGGCCC	90	137	140	206	149	178	AGGGCCC
MIMAT0000690:hsa-miR-296-5p|GAGGGCC	87	161	128	120	142	116	GAGGGCC
MIMAT0000691:hsa-miR-130b-3p|CAGTGCA	4134	4774	2306	1732	2183	1380	CAGTGCA
MIMAT0000692:hsa-miR-30e-5p|GTAAACA	1219	1465	1210	1126	1210	924	GTAAACA
MIMAT0000692:hsa-miR-30e-5p|TGTAAAC	26012	24779	19851	22113	25138	22720	TGTAAAC
MIMAT0000693:hsa-miR-30e-3p|CTTTCAG	11200	7983	4675	8909	9000	7825	CTTTCAG
MIMAT0000703:hsa-miR-361-5p|TTATCAG	5997	6122	7171	14499	9902	8680	TTATCAG
MIMAT0000705:hsa-miR-362-5p|AATCCTT	96	84	80	117	81	90	AATCCTT
MIMAT0000710:hsa-miR-365a-3p|TAATGCC	6771	8115	11266	16021	919	11449	TAATGCC
MIMAT0000720:hsa-miR-376c-3p|AAACATA	587	588	509	309	602	279	AAACATA
MIMAT0000720:hsa-miR-376c-3p|AACATAG	37744	40739	33412	16910	26725	15340	AACATAG
MIMAT0000720:hsa-miR-376c-3p|AACATGG	636	1112	1326	561	1202	583	AACATGG
MIMAT0000720:hsa-miR-376c-3p|ACATAGA	1562	1158	802	525	1164	770	ACATAGA
MIMAT0000720:hsa-miR-376c-3p|CATAGAG	542	0	0	0	345	281	CATAGAG
MIMAT0000720:hsa-miR-376c-3p|TAAACAT	599	0	0	0	436	240	TAAACAT
MIMAT0000721:hsa-miR-369-3p|AATAATA	17254	15894	17052	7026	12567	6952	AATAATA
MIMAT0000721:hsa-miR-369-3p|GAATAAT	3937	2914	2792	1097	2357	1368	GAATAAT
MIMAT0000722:hsa-miR-370-3p|GCCTGCT	767	724	537	196	588	243	GCCTGCT
MIMAT0000727:hsa-miR-374a-5p|TTATAAT	17565	14685	14556	24460	25686	25393	TTATAAT
MIMAT0000728:hsa-miR-375-3p|TTTGTTC	8	11	5	706	21	80	TTTGTTC
MIMAT0000729_1:hsa-miR-376a-3p|AATCATA	756	0	559	455	831	520	AATCATA
MIMAT0000729_1:hsa-miR-376a-3p|ATCATAG	15833	12751	10158	2647	9788	3621	ATCATAG
MIMAT0000729_1:hsa-miR-376a-3p|ATCATGG	35128	35834	26722	9339	28426	13268	ATCATGG
MIMAT0000730:hsa-miR-377-3p|ATCACAC	1252	2201	2346	678	1582	848	ATCACAC
MIMAT0000731:hsa-miR-378a-5p|CTCCTGA	49	37	46	158	171	141	CTCCTGA
MIMAT0000732:hsa-miR-378a-3p|ACTGGAC	102	118	213	931	711	655	ACTGGAC
MIMAT0000732:hsa-miR-378a-3p|CTGGACT	37	46	43	188	204	141	CTGGACT
MIMAT0000733:hsa-miR-379-5p|TGGTAGA	42159	36879	29753	16979	29249	18143	TGGTAGA
MIMAT0000734:hsa-miR-380-5p|ATGGTTG	125	129	101	57	139	74	ATGGTTG
MIMAT0000735:hsa-miR-380-3p|TATGTAA	306	355	237	123	250	139	TATGTAA
MIMAT0000736:hsa-miR-381-3p|TATACAA	6946	6776	5133	2391	4219	2490	TATACAA
MIMAT0000736:hsa-miR-381-3p|TATGCAA	435	605	487	312	576	251	TATGCAA
MIMAT0000737:hsa-miR-382-5p|AAGTTGT	441	357	374	293	391	224	AAGTTGT
MIMAT0000737:hsa-miR-382-5p|AGTTGTT	442	350	389	519	769	464	AGTTGTT
MIMAT0000737:hsa-miR-382-5p|GAAGTTG	25856	18558	14753	11674	22061	10728	GAAGTTG
MIMAT0000750:hsa-miR-340-3p|TCCGTCT	48	59	64	155	139	70	TCCGTCT
MIMAT0000751:hsa-miR-330-3p|CAAAGCA	107	113	82	111	146	62	CAAAGCA
MIMAT0000752:hsa-miR-328-3p|CTGGCCC	1046	1016	861	1235	1129	937	CTGGCCC
MIMAT0000753:hsa-miR-342-3p|TCACACA	320	313	224	266	324	178	TCACACA
MIMAT0000753:hsa-miR-342-3p|TCTCACA	6942	6852	4996	5604	5383	3714	TCTCACA
MIMAT0000754:hsa-miR-337-3p|CTCCTAT	2291	1945	1349	765	1405	689	CTCCTAT
MIMAT0000754:hsa-miR-337-3p|TCCTATA	4391	4504	2845	1113	2699	1141	TCCTATA
MIMAT0000755:hsa-miR-323a-3p|CACATTA	1031	812	795	682	947	524	CACATTA
MIMAT0000755:hsa-miR-323a-3p|GCACATT	418	447	359	260	338	185	GCACATT
MIMAT0000757:hsa-miR-151a-3p|CTAGACT	14726	12266	9540	32516	28775	22568	CTAGACT
MIMAT0000757:hsa-miR-151a-3p|TACTAGA	478	218	382	1407	996	934	TACTAGA
MIMAT0000758:hsa-miR-135b-5p|TATGGCT	84	191	111	954	1400	634	TATGGCT
MIMAT0000759:hsa-miR-148b-3p|TCAGTGC	20690	18649	15743	20286	22842	15880	TCAGTGC
MIMAT0000760:hsa-miR-331-3p|GCCCCTG	586	461	551	1187	1184	951	GCCCCTG
MIMAT0000761:hsa-miR-324-5p|CGCATCC	1788	1783	1382	1680	2026	1089	CGCATCC
MIMAT0000762:hsa-miR-324-3p|CCACTGC	450	406	348	514	534	323	CCACTGC
MIMAT0000764:hsa-miR-339-5p|TCCCTGT	1129	1122	1240	3040	1701	1958	TCCCTGT
MIMAT0000765:hsa-miR-335-5p|TCAAGAG	3140	1445	1111	85	276	61	TCAAGAG
MIMAT0000772:hsa-miR-345-5p|GCTGACT	518	499	330	425	508	257	GCTGACT
MIMAT0001080:hsa-miR-196b-5p|TAGGTAG	25468	17408	14132	14096	13359	11833	TAGGTAG
MIMAT0001340:hsa-miR-423-3p|AAGCTCG	54	57	71	157	89	77	AAGCTCG
MIMAT0001340:hsa-miR-423-3p|AGCTCGG	1201	1136	1333	2470	1493	1449	AGCTCGG
MIMAT0001341:hsa-miR-424-5p|CAGCAGC	13816	18541	12935	12769	14633	13835	CAGCAGC
MIMAT0001343:hsa-miR-425-3p|ATCGGGA	210	189	183	182	140	101	ATCGGGA
MIMAT0001343:hsa-miR-425-3p|CATCGGG	555	572	363	659	789	495	CATCGGG
MIMAT0001541:hsa-miR-449a|TGGCAGT	151	135	149	152	83	134	TGGCAGT
MIMAT0001545:hsa-miR-450a-5p|TTTTGCG	662	648	553	1027	825	714	TTTTGCG
MIMAT0001621:hsa-miR-369-5p|AGATCGA	5223	4116	4375	2742	3951	2357	AGATCGA
MIMAT0001625:hsa-miR-431-5p|TGTCTTG	857	790	1114	393	827	378	TGTCTTG
MIMAT0001627:hsa-miR-433-3p|ATCATGA	367	492	348	158	230	80	ATCATGA
MIMAT0001629:hsa-miR-329-3p|AACACAC	578	768	683	506	672	336	AACACAC
MIMAT0001629:hsa-miR-329-3p|ACACACC	390	330	241	142	271	136	ACACACC
MIMAT0001638:hsa-miR-409-5p|AGGTTAC	1323	1007	1052	624	1068	566	AGGTTAC
MIMAT0001639:hsa-miR-409-3p|CGAATGT	5712	3764	3574	1953	4377	2348	CGAATGT
MIMAT0001639:hsa-miR-409-3p|GAATGTT	13254	9116	7604	3209	6362	3588	GAATGTT
MIMAT0002171:hsa-miR-410-3p|AATATAA	133	188	160	70	109	64	AATATAA
MIMAT0002172:hsa-miR-376b-3p|ATCATAG	5460	7940	5573	955	3908	1499	ATCATAG
MIMAT0002172:hsa-miR-376b-3p|TCATAGA	343	309	265	95	309	144	TCATAGA
MIMAT0002173:hsa-miR-483-3p|TCACTCC	58	133	8	10	14	1	TCACTCC
MIMAT0002174:hsa-miR-484|TCAGGCT	248	252	262	320	177	177	TCAGGCT
MIMAT0002175:hsa-miR-485-5p|AGAGGCT	250	216	241	129	160	116	AGAGGCT
MIMAT0002176:hsa-miR-485-3p|GTCATAC	1257	1214	1288	462	956	529	GTCATAC
MIMAT0002178:hsa-miR-487a-3p|AATCATA	235	343	289	107	291	117	AATCATA
MIMAT0002807:hsa-miR-491-5p|AGTGGGG	125	127	183	547	363	369	AGTGGGG
MIMAT0002809:hsa-miR-146b-5p|TGAGAAC	2630	2908	3415	2105	2008	1505	TGAGAAC
MIMAT0002813:hsa-miR-493-5p|TTGTACA	8951	10382	8648	5264	6897	4083	TTGTACA
MIMAT0002814:hsa-miR-432-5p|TCTTGGA	8306	7850	5853	2681	5318	2643	TCTTGGA
MIMAT0002816:hsa-miR-494-3p|TGAAACA	14913	13173	11271	4866	8795	5219	TGAAACA
MIMAT0002817:hsa-miR-495-3p|AAACAAA	2837	4192	3100	808	1951	746	AAACAAA
MIMAT0002817:hsa-miR-495-3p|AACAAAC	227	265	209	133	220	104	AACAAAC
MIMAT0002818:hsa-miR-496|TGAGTAT	252	272	238	88	203	77	TGAGTAT
MIMAT0002819:hsa-miR-193b-3p|AACTGGC	107	91	108	203	201	114	AACTGGC
MIMAT0002819:hsa-miR-193b-3p|ACTGGCC	61	52	52	167	146	104	ACTGGCC
MIMAT0002820:hsa-miR-497-5p|CAGCAGC	9299	6156	2847	5685	8468	5828	CAGCAGC
MIMAT0002821:hsa-miR-181d-5p|AACATTC	119	117	135	404	273	299	AACATTC
MIMAT0002870:hsa-miR-499a-5p|TTAAGAC	315	278	186	154	201	123	TTAAGAC
MIMAT0002871:hsa-miR-500a-3p|ATGCACC	232	172	129	351	323	250	ATGCACC
MIMAT0002874:hsa-miR-503-5p|TAGCAGC	1832	1677	1622	2075	1962	1713	TAGCAGC
MIMAT0002875:hsa-miR-504-5p|AGACCCT	5	30	12	255	191	228	AGACCCT
MIMAT0002875:hsa-miR-504-5p|GACCCTG	8	17	3	118	98	104	GACCCTG
MIMAT0002876:hsa-miR-505-3p|CGTCAAC	284	293	208	492	447	248	CGTCAAC
MIMAT0002876:hsa-miR-505-3p|GTCAACA	164	173	120	373	305	213	GTCAACA
MIMAT0002876:hsa-miR-505-3p|TCAACAC	135	130	78	195	161	114	TCAACAC
MIMAT0002888:hsa-miR-532-5p|CATGCCT	2001	1523	964	1862	1968	1467	CATGCCT
MIMAT0002890:hsa-miR-299-5p|ATGGTTT	413	402	380	174	256	166	ATGGTTT
MIMAT0002890:hsa-miR-299-5p|TGGTTTA	3198	3143	2699	1501	2026	1163	TGGTTTA
MIMAT0003150:hsa-miR-455-5p|GTATGTG	2365	5047	5108	2783	4325	1978	GTATGTG
MIMAT0003150:hsa-miR-455-5p|TATGTGC	26659	44273	56872	60064	65406	43950	TATGTGC
MIMAT0003150:hsa-miR-455-5p|TGTGCCT	2115	2592	3055	4345	5234	2911	TGTGCCT
MIMAT0003161:hsa-miR-493-3p|TGAAGGT	6127	5994	4790	2693	4893	2550	TGAAGGT
MIMAT0003163:hsa-miR-539-5p|GGAGAAA	323	276	259	141	325	122	GGAGAAA
MIMAT0003180:hsa-miR-487b-3p|AATCGTA	654	766	757	467	729	284	AATCGTA
MIMAT0003180:hsa-miR-487b-3p|ATCGTAC	363	362	317	220	419	156	ATCGTAC
MIMAT0003180:hsa-miR-487b-3p|TCGTACA	2271	1775	1393	752	1650	701	TCGTACA
MIMAT0003218:hsa-miR-92b-3p|TATTGCA	378	453	542	2728	2337	1997	TATTGCA
MIMAT0003239:hsa-miR-574-3p|CACGCTC	19626	18231	12574	18623	21661	11988	CACGCTC
MIMAT0003241:hsa-miR-576-5p|ATTCTAA	280	226	249	660	425	450	ATTCTAA
MIMAT0003247:hsa-miR-582-5p|TACAGTT	210	166	133	79	60	39	TACAGTT
MIMAT0003247:hsa-miR-582-5p|TTACAGT	1412	961	748	341	313	136	TTACAGT
MIMAT0003249:hsa-miR-584-5p|TTATGGT	294	625	266	589	439	389	TTATGGT
MIMAT0003251:hsa-miR-548a-3p|CAAAACT	81	57	46	49	126	94	CAAAACT
MIMAT0003258:hsa-miR-590-5p|GAGCTTA	400	448	362	346	488	372	GAGCTTA
MIMAT0003266:hsa-miR-598-3p|TACGTCA	41	18	75	614	294	521	TACGTCA
MIMAT0003283:hsa-miR-615-3p|TCCGAGC	1294	629	531	669	468	333	TCCGAGC
MIMAT0003293:hsa-miR-624-5p|TAGTACC	76	83	47	134	94	90	TAGTACC
MIMAT0003294:hsa-miR-625-5p|AGGGGGA	910	875	591	934	1061	665	AGGGGGA
MIMAT0003296:hsa-miR-627-5p|GGGAGTC	0	150	0	0	307	0	GGGAGTC
MIMAT0003297:hsa-miR-628-3p|TCTAGTA	227	220	227	588	688	484	TCTAGTA
MIMAT0003297:hsa-miR-628-3p|TTCTAGT	62	62	92	496	354	370	TTCTAGT
MIMAT0003301:hsa-miR-33b-5p|GTGCATT	50	120	43	70	171	58	GTGCATT
MIMAT0003312:hsa-miR-642a-5p|GTCCCTC	3	22	5	45	113	40	GTCCCTC
MIMAT0003321:hsa-miR-651-5p|TTTAGGA	216	312	263	295	326	305	TTTAGGA
MIMAT0003322:hsa-miR-652-3p|AATGGCG	355	318	335	456	289	190	AATGGCG
MIMAT0003329:hsa-miR-411-5p|ATAGTAG	9698	9727	7499	2666	4755	2929	ATAGTAG
MIMAT0003329:hsa-miR-411-5p|ATAGTGG	408	586	315	0	175	115	ATAGTGG
MIMAT0003329:hsa-miR-411-5p|TAGTAGA	14249	12243	10624	4470	9713	5965	TAGTAGA
MIMAT0003329:hsa-miR-411-5p|TAGTGGA	388	465	349	92	244	128	TAGTGGA
MIMAT0003331:hsa-miR-655-3p|ATAATAC	3114	2994	2102	1028	2355	984	ATAATAC
MIMAT0003332:hsa-miR-656-3p|AATATTA	618	604	470	191	371	217	AATATTA
MIMAT0003338:hsa-miR-660-5p|TACCCAT	2980	2389	1552	2628	2931	2421	TACCCAT
MIMAT0003339:hsa-miR-421|ATCAACA	664	521	458	1426	1585	965	ATCAACA
MIMAT0003340:hsa-miR-542-5p|TCGGGGA	197	176	136	208	248	197	TCGGGGA
MIMAT0003386:hsa-miR-376a-5p|GTAGATT	826	997	918	234	561	199	GTAGATT
MIMAT0003386:hsa-miR-376a-5p|TAGATTC	205	188	186	53	158	75	TAGATTC
MIMAT0003389:hsa-miR-542-3p|TGTGACA	4792	5337	5331	5332	6075	5064	TGTGACA
MIMAT0003389:hsa-miR-542-3p|TTGTGAC	909	883	968	1068	1313	1119	TTGTGAC
MIMAT0003393:hsa-miR-425-5p|AATGACA	1693	1949	1625	2759	1684	1562	AATGACA
MIMAT0003393:hsa-miR-425-5p|ATGACAC	367	284	362	690	619	602	ATGACAC
MIMAT0003879:hsa-miR-758-3p|TTTGTGA	574	689	660	210	360	241	TTTGTGA
MIMAT0003880:hsa-miR-671-5p|AGGAAGC	558	955	943	1407	805	891	AGGAAGC
MIMAT0003885:hsa-miR-454-3p|TAGTGCA	14303	11685	7468	4828	5331	3953	TAGTGCA
MIMAT0003886:hsa-miR-769-5p|TGAGACC	344	425	330	546	469	385	TGAGACC
MIMAT0004284:hsa-miR-675-5p|TGGTGCG	610	328	262	6	18	5	TGGTGCG
MIMAT0004481_1:hsa-let-7a-3p|CTATACA	11888	9313	6836	8836	9637	8117	CTATACA
MIMAT0004481_1:hsa-let-7a-3p|TATACAA	609	386	397	486	586	404	TATACAA
MIMAT0004482:hsa-let-7b-3p|CTATACA	4726	3230	2792	6044	5901	5081	CTATACA
MIMAT0004484:hsa-let-7d-3p|CTATACG	3288	3202	2231	3185	3948	2252	CTATACG
MIMAT0004484:hsa-let-7d-3p|TATACGA	83	92	83	117	112	65	TATACGA
MIMAT0004485:hsa-let-7e-3p|CTATACG	209	183	160	272	290	221	CTATACG
MIMAT0004486:hsa-let-7f-1-3p|CTATACA	1442	1335	821	1208	1383	990	CTATACA
MIMAT0004493:hsa-miR-20a-3p|ACTGCAT	69	93	88	125	77	93	ACTGCAT
MIMAT0004493:hsa-miR-20a-3p|CTGCATT	72	95	77	80	110	82	CTGCATT
MIMAT0004494:hsa-miR-21-3p|CAACACC	651	815	535	1101	1647	1351	CAACACC
MIMAT0004495:hsa-miR-22-5p|AGTTCTT	1247	1460	1890	4988	3773	3418	AGTTCTT
MIMAT0004499:hsa-miR-26a-1-3p|CCTATTC	111	78	70	108	86	58	CCTATTC
MIMAT0004500:hsa-miR-26b-3p|CCTGTTC	141	178	114	182	169	153	CCTGTTC
MIMAT0004501:hsa-miR-27a-5p|AGGGCTT	241	180	265	830	574	762	AGGGCTT
MIMAT0004502:hsa-miR-28-3p|ACTAGAT	126	108	118	236	146	131	ACTAGAT
MIMAT0004502:hsa-miR-28-3p|CACTAGA	9346	7384	5212	8274	8057	6252	CACTAGA
MIMAT0004503:hsa-miR-29a-5p|ACTGATT	329	401	307	564	592	480	ACTGATT
MIMAT0004504:hsa-miR-31-3p|TGCTATG	1085	1429	794	767	1017	774	TGCTATG
MIMAT0004505:hsa-miR-32-3p|CAATTTA	87	91	86	114	119	118	CAATTTA
MIMAT0004506:hsa-miR-33a-3p|CAATGTT	226	195	155	387	447	298	CAATGTT
MIMAT0004511:hsa-miR-99a-3p|CAAGCTC	718	359	263	271	261	289	CAAGCTC
MIMAT0004512:hsa-miR-100-3p|CAAGCTT	420	589	263	285	716	468	CAAGCTT
MIMAT0004514:hsa-miR-29b-1-5p|GCTGGTT	108	96	72	145	186	154	GCTGGTT
MIMAT0004549:hsa-miR-148a-5p|AAAGTTC	71	82	125	128	107	100	AAAGTTC
MIMAT0004551:hsa-miR-30d-3p|CTTTCAG	157	121	112	191	212	189	CTTTCAG
MIMAT0004551:hsa-miR-30d-3p|TTTCAGT	82	83	66	108	113	98	TTTCAGT
MIMAT0004553:hsa-miR-7-1-3p|CAACAAA	200	218	157	443	358	309	CAACAAA
MIMAT0004555:hsa-miR-10a-3p|CAAATTC	2	2	2	1043	1342	758	CAAATTC
MIMAT0004556:hsa-miR-10b-3p|ACAGATT	856	472	644	571	579	517	ACAGATT
MIMAT0004556:hsa-miR-10b-3p|AGATTCG	629	372	549	701	515	436	AGATTCG
MIMAT0004556:hsa-miR-10b-3p|CAGATTC	958	655	692	675	639	542	CAGATTC
MIMAT0004557:hsa-miR-34a-3p|AATCAGC	128	84	117	128	130	118	AATCAGC
MIMAT0004557:hsa-miR-34a-3p|CAATCAG	286	169	246	182	237	162	CAATCAG
MIMAT0004559:hsa-miR-181c-3p|ACCATCG	129	121	95	176	125	167	ACCATCG
MIMAT0004563:hsa-miR-199b-3p|ACAGTAG	383675	324599	293811	97930	721168	618350	ACAGTAG
MIMAT0004563:hsa-miR-199b-3p|CAGTAGT	60803	78985	69478	4843	0	0	CAGTAGT
MIMAT0004563:hsa-miR-199b-3p|GCAGTAG	0	0	0	2079	0	0	GCAGTAG
MIMAT0004563:hsa-miR-199b-3p|TACAGTA	209023	117003	0	3873	157718	18626	TACAGTA
MIMAT0004564:hsa-miR-214-5p|GCCTGTC	114	140	105	157	262	189	GCCTGTC
MIMAT0004564:hsa-miR-214-5p|TGCCTGT	1372	1197	1177	2135	2093	1780	TGCCTGT
MIMAT0004568:hsa-miR-221-5p|ACCTGGC	195	227	244	553	774	548	ACCTGGC
MIMAT0004584:hsa-let-7g-3p|CTGTACA	178	164	148	275	263	208	CTGTACA
MIMAT0004585:hsa-let-7i-3p|CTGCGCA	2489	2183	1932	2223	2854	2611	CTGCGCA
MIMAT0004586:hsa-miR-15b-3p|CGAATCA	2543	2023	1033	929	1004	723	CGAATCA
MIMAT0004587:hsa-miR-23b-5p|TGGGTTC	187	145	144	268	177	195	TGGGTTC
MIMAT0004588:hsa-miR-27b-5p|AGAGCTT	488	367	370	717	491	518	AGAGCTT
MIMAT0004588:hsa-miR-27b-5p|CAGAGCT	184	111	98	208	117	144	CAGAGCT
MIMAT0004592:hsa-miR-125b-1-3p|ACGGGTT	268	282	195	516	550	504	ACGGGTT
MIMAT0004597:hsa-miR-140-3p|ACCACAG	247266	222900	144156	237460	254992	173145	ACCACAG
MIMAT0004597:hsa-miR-140-3p|CCACAGG	0	7292	4033	0	0	0	CCACAGG
MIMAT0004597:hsa-miR-140-3p|TACCACA	340402	288801	189405	389221	410607	306665	TACCACA
MIMAT0004599:hsa-miR-143-5p|GGTGCAG	1159	1473	1500	1967	2683	1997	GGTGCAG
MIMAT0004601:hsa-miR-145-3p|ATTCCTG	485	607	680	1535	1598	1413	ATTCCTG
MIMAT0004601:hsa-miR-145-3p|GATTCCT	80	104	99	215	286	141	GATTCCT
MIMAT0004601:hsa-miR-145-3p|GGATTCC	200	252	266	568	641	465	GGATTCC
MIMAT0004602:hsa-miR-125a-3p|ACAGGTG	169	139	102	209	221	148	ACAGGTG
MIMAT0004604:hsa-miR-127-5p|CTGAAGC	1271	957	732	288	806	420	CTGAAGC
MIMAT0004604:hsa-miR-127-5p|GAAGCTC	505	293	290	117	303	117	GAAGCTC
MIMAT0004604:hsa-miR-127-5p|TGAAGCT	275	171	177	109	211	127	TGAAGCT
MIMAT0004606:hsa-miR-136-3p|ATCATCG	5113	5415	4790	1394	3163	1883	ATCATCG
MIMAT0004606:hsa-miR-136-3p|CATCATC	3288	3466	2737	607	1742	996	CATCATC
MIMAT0004606:hsa-miR-136-3p|TCATCGT	933	974	947	228	718	360	TCATCGT
MIMAT0004607:hsa-miR-138-1-3p|GCTACTT	29	76	46	469	386	280	GCTACTT
MIMAT0004614:hsa-miR-193a-5p|TGGGTCT	1574	1695	1557	3143	3500	2223	TGGGTCT
MIMAT0004615:hsa-miR-195-3p|CCAATAT	393	191	142	336	403	275	CCAATAT
MIMAT0004672:hsa-miR-106b-3p|CCGCACT	494	476	291	447	403	334	CCGCACT
MIMAT0004673:hsa-miR-29c-5p|TGACCGA	206	155	119	116	84	81	TGACCGA
MIMAT0004674:hsa-miR-30c-1-3p|CTGGGAG	105	60	72	158	103	91	CTGGGAG
MIMAT0004678:hsa-miR-99b-3p|CAAGCTC	358	327	292	571	728	439	CAAGCTC
MIMAT0004679:hsa-miR-296-3p|AGGGTTG	65	96	102	181	129	165	AGGGTTG
MIMAT0004680:hsa-miR-130b-5p|ACTCTTT	175	213	158	166	139	142	ACTCTTT
MIMAT0004682:hsa-miR-361-3p|CCCCCAG	185	137	131	237	153	187	CCCCCAG
MIMAT0004682:hsa-miR-361-3p|TCCCCCA	1338	1106	959	3611	3568	2633	TCCCCCA
MIMAT0004688:hsa-miR-374a-3p|CTTATCA	1983	1573	1482	1740	2330	2220	CTTATCA
MIMAT0004689:hsa-miR-377-5p|AGAGGTT	126	137	130	95	136	91	AGAGGTT
MIMAT0004690:hsa-miR-379-3p|TATGTAA	1332	1489	1163	435	832	396	TATGTAA
MIMAT0004692:hsa-miR-340-5p|TTATAAA	3027	3052	3163	4596	4958	3946	TTATAAA
MIMAT0004693:hsa-miR-330-5p|TCTCTGG	74	112	129	158	189	102	TCTCTGG
MIMAT0004695:hsa-miR-337-5p|GAACGGC	8591	9602	6856	2542	6507	2747	GAACGGC
MIMAT0004697:hsa-miR-151a-5p|CTCGAGG	220	166	151	635	608	543	CTCGAGG
MIMAT0004697:hsa-miR-151a-5p|TCGAGGA	12504	11204	7733	22995	21740	14022	TCGAGGA
MIMAT0004699:hsa-miR-148b-5p|GAAGTTC	298	234	193	331	424	243	GAAGTTC
MIMAT0004702:hsa-miR-339-3p|TGAGCGC	377	287	296	758	569	531	TGAGCGC
MIMAT0004748:hsa-miR-423-5p|TGAGGGG	6335	5984	4334	7976	7267	5699	TGAGGGG
MIMAT0004749:hsa-miR-424-3p|CAAAACG	801	717	610	1028	825	843	CAAAACG
MIMAT0004765:hsa-miR-491-3p|CTTATGC	30	46	48	110	108	83	CTTATGC
MIMAT0004767:hsa-miR-193b-5p|CGGGGTT	487	331	278	586	588	466	CGGGGTT
MIMAT0004773:hsa-miR-500a-5p|TAATCCT	29	83	52	185	7	87	TAATCCT
MIMAT0004775:hsa-miR-502-3p|AATGCAC	95	106	76	157	170	108	AATGCAC
MIMAT0004780:hsa-miR-532-3p|CCTCCCA	187	161	96	267	238	160	CCTCCCA
MIMAT0004784:hsa-miR-455-3p|ATGCAGT	3403	5389	5713	4042	4127	1959	ATGCAGT
MIMAT0004784:hsa-miR-455-3p|CAGTCCA	480	0	0	529	0	406	CAGTCCA
MIMAT0004784:hsa-miR-455-3p|GCAGTCC	29371	41447	32579	36255	57828	21411	GCAGTCC
MIMAT0004784:hsa-miR-455-3p|TGCAGTC	3626	4466	4534	5273	7570	2817	TGCAGTC
MIMAT0004795:hsa-miR-574-5p|TGAGTGT	1768	1698	1170	1915	2871	1206	TGAGTGT
MIMAT0004796:hsa-miR-576-3p|AAGATGT	71	79	64	155	107	129	AAGATGT
MIMAT0004797:hsa-miR-582-3p|TAACTGG	947	569	576	218	203	111	TAACTGG
MIMAT0004799:hsa-miR-589-5p|TGAGAAC	105	111	79	219	170	154	TGAGAAC
MIMAT0004801:hsa-miR-590-3p|GTAATTT	1115	1377	1093	1516	1880	1577	GTAATTT
MIMAT0004801:hsa-miR-590-3p|TAATTTT	3939	4373	3658	4300	6231	5686	TAATTTT
MIMAT0004808:hsa-miR-625-3p|GACTATA	448	493	289	698	866	516	GACTATA
MIMAT0004809:hsa-miR-628-5p|ATGCTGA	585	432	605	2929	2284	1853	ATGCTGA
MIMAT0004810:hsa-miR-629-5p|TGGGTTT	1087	1006	665	1336	1282	1076	TGGGTTT
MIMAT0004813:hsa-miR-411-3p|TATGTAA	608	653	553	219	376	217	TATGTAA
MIMAT0004814:hsa-miR-654-3p|CATATGT	1058	717	749	292	559	336	CATATGT
MIMAT0004814:hsa-miR-654-3p|TATGTCT	10503	8717	8664	4189	6271	4212	TATGTCT
MIMAT0004819:hsa-miR-671-3p|TCCGGTT	89	82	89	176	162	160	TCCGGTT
MIMAT0004909:hsa-miR-450b-5p|TTTTGCA	1783	1551	1826	2557	2020	1963	TTTTGCA
MIMAT0004911:hsa-miR-874-3p|CTGCCCT	931	698	414	653	544	411	CTGCCCT
MIMAT0004921:hsa-miR-889-3p|TTAATAT	2740	2767	2006	629	1537	792	TTAATAT
MIMAT0004926:hsa-miR-708-5p|AAGGAGC	2020	1241	2388	5235	6467	3958	AAGGAGC
MIMAT0004927:hsa-miR-708-3p|CAACTAG	106	29	92	179	396	215	CAACTAG
MIMAT0004929:hsa-miR-190b-5p|TGATATG	362	263	186	541	361	397	TGATATG
MIMAT0004945:hsa-miR-744-5p|TGCGGGG	1345	1114	1101	2616	2049	1650	TGCGGGG
MIMAT0004949:hsa-miR-877-5p|GTAGAGG	122	137	120	187	258	119	GTAGAGG
MIMAT0004951:hsa-miR-887-3p|GTGAACG	275	229	205	123	171	81	GTGAACG
MIMAT0004952:hsa-miR-665|ACCAGGA	421	435	297	105	474	183	ACCAGGA
MIMAT0004954:hsa-miR-543|AAACATT	1558	2085	1731	532	1318	465	AAACATT
MIMAT0004955:hsa-miR-374b-5p|ATATAAT	3323	2785	2677	7004	5120	4842	ATATAAT
MIMAT0004956:hsa-miR-374b-3p|CTTAGCA	198	162	95	241	220	194	CTTAGCA
MIMAT0004958:hsa-miR-301b-3p|CAGTGCA	107	219	88	44	93	69	CAGTGCA
MIMAT0004984:hsa-miR-941|CACCCGG	311	258	248	455	373	444	CACCCGG
MIMAT0005792:hsa-miR-320b|AAAAGCT	368	295	425	1056	686	583	AAAAGCT
MIMAT0005793:hsa-miR-320c|AAAAGCT	1016	177	146	274	190	165	AAAAGCT
MIMAT0005794:hsa-miR-1296-5p|TTAGGGC	582	413	486	952	687	593	TTAGGGC
MIMAT0005796:hsa-miR-1271-5p|CTTGGCA	215	204	187	281	279	222	CTTGGCA
MIMAT0005797:hsa-miR-1301-3p|TTGCAGC	84	69	74	104	156	83	TTGCAGC
MIMAT0005798:hsa-miR-1185-5p|AGAGGAT	778	806	768	348	742	433	AGAGGAT
MIMAT0005825:hsa-miR-1180-3p|TTTCCGG	180	157	138	183	90	123	TTTCCGG
MIMAT0005874:hsa-miR-548e-3p|AAAAACT	42	40	59	111	67	88	AAAAACT
MIMAT0005878:hsa-miR-1287-5p|TGCTGGA	108	92	94	239	97	91	TGCTGGA
MIMAT0005880:hsa-miR-1290|GATTTTT	424	556	318	968	573	237	GATTTTT
MIMAT0005880:hsa-miR-1290|GGATTTT	320	391	201	604	298	174	GGATTTT
MIMAT0005880:hsa-miR-1290|TGGATTT	978	908	724	2513	904	634	TGGATTT
MIMAT0005887:hsa-miR-1299|TTCTGGA	48	13	13	138	69	83	TTCTGGA
MIMAT0005898:hsa-miR-1246|AAATGGA	1192	691	593	675	713	454	AAATGGA
MIMAT0005898:hsa-miR-1246|AATGGAT	1763	1042	1109	2995	628	825	AATGGAT
MIMAT0005898:hsa-miR-1246|ATGGATT	4432	2661	2270	8563	1919	2539	ATGGATT
MIMAT0005898:hsa-miR-1246|TAAATGG	127	0	63	0	0	0	TAAATGG
MIMAT0005898:hsa-miR-1246|TGGATTT	2351	1639	1062	4127	1441	1360	TGGATTT
MIMAT0005906:hsa-miR-1255a|AGGATGA	13	0	0	114	38	30	AGGATGA
MIMAT0005911:hsa-miR-1260a|ATCCCAC	2566	423	2535	1520	959	918	ATCCCAC
MIMAT0005911:hsa-miR-1260a|CCCACCG	319	155	0	509	477	384	CCCACCG
MIMAT0005911:hsa-miR-1260a|CCCACTT	448	275	402	769	769	599	CCCACTT
MIMAT0005911:hsa-miR-1260a|TCCCACC	617	13	611	0	0	1001	TCCCACC
MIMAT0005911:hsa-miR-1260a|TCCCACT	326	206	347	703	652	421	TCCCACT
MIMAT0005913:hsa-miR-1261|GGATAAG	174	78	94	201	209	243	GGATAAG
MIMAT0005913:hsa-miR-1261|TGGATAA	163	85	174	376	231	462	TGGATAA
MIMAT0005928:hsa-miR-548h-5p|AAAAGTA	171	84	71	182	85	112	AAAAGTA
MIMAT0005933:hsa-miR-1277-3p|TACGTAG	84	123	114	53	114	53	TACGTAG
MIMAT0005948:hsa-miR-664a-5p|ACTGGCT	226	132	168	481	424	365	ACTGGCT
MIMAT0005948:hsa-miR-664a-5p|CTGGCTA	135	100	106	353	307	250	CTGGCTA
MIMAT0005949:hsa-miR-664a-3p|TATTCAT	998	782	903	3052	2565	2175	TATTCAT
MIMAT0005951:hsa-miR-1307-3p|ACTCGGC	286	337	342	832	675	398	ACTCGGC
MIMAT0005951:hsa-miR-1307-3p|CTCGGCG	293	329	299	776	873	411	CTCGGCG
MIMAT0006764:hsa-miR-320d|AAAAGCT	189	1104	382	1431	371	882	AAAAGCT
MIMAT0006764:hsa-miR-320d|GAAAAGC	0	0	47	0	110	99	GAAAAGC
MIMAT0006789:hsa-miR-1468-5p|CTCCGTT	76	64	60	150	106	100	CTCCGTT
MIMAT0006790:hsa-miR-675-3p|CTGTATG	1213	959	649	8	21	18	CTGTATG
MIMAT0010133:hsa-miR-2110|TTGGGGA	105	68	61	246	201	165	TTGGGGA
MIMAT0010214:hsa-miR-151b|TCGAGGA	461	21	266	195	1384	562	TCGAGGA
MIMAT0011160:hsa-miR-2116-5p|GGTTCTT	43	53	44	197	160	130	GGTTCTT
MIMAT0011778:hsa-miR-2278|AGAGCAG	18	12	12	99	119	74	AGAGCAG
MIMAT0013516:hsa-miR-2681-3p|TATCATG	29	25	40	89	169	49	TATCATG
MIMAT0014992:hsa-miR-3129-5p|AGTAGTG	39	16	16	113	62	94	AGTAGTG
MIMAT0014996:hsa-miR-3131|TCGAGGA	7	10	61	287	312	181	TCGAGGA
MIMAT0015041:hsa-miR-1260b|ATCCCAC	223	951	251	5548	3985	3844	ATCCCAC
MIMAT0015041:hsa-miR-1260b|CCCACCG	0	0	219	0	0	0	CCCACCG
MIMAT0015041:hsa-miR-1260b|TCCCACC	63	335	66	1476	1370	96	TCCCACC
MIMAT0015043:hsa-miR-3168|GAGTTCT	11	14	61	136	0	5	GAGTTCT
MIMAT0015043:hsa-miR-3168|GTTCTAC	336	327	482	834	575	408	GTTCTAC
MIMAT0015050:hsa-miR-323b-3p|CCCAATA	442	391	679	382	624	337	CCCAATA
MIMAT0015062:hsa-miR-3182|GCTTCTG	1197	1009	1309	3359	14811	7014	GCTTCTG
MIMAT0015062:hsa-miR-3182|GTTTCCG	6170	4197	4124	7410	27272	17984	GTTTCCG
MIMAT0015066:hsa-miR-3065-5p|TCAACAA	66	571	83	91	96	95	TCAACAA
MIMAT0015081_1:hsa-miR-548x-3p|TAAAAAC	0	0	3	208	116	183	TAAAAAC
MIMAT0016916:hsa-miR-4286|ACCCCAC	243	171	260	535	489	371	ACCCCAC
MIMAT0016916:hsa-miR-4286|CCCACTC	484	259	392	890	850	726	CCCACTC
MIMAT0017990:hsa-miR-3613-5p|TGTTGTA	5751	4804	3843	3961	5237	3633	TGTTGTA
MIMAT0017991:hsa-miR-3613-3p|ACAAAAA	146	94	83	185	151	96	ACAAAAA
MIMAT0017994:hsa-miR-3615|TCTCTCG	110	175	129	148	86	50	TCTCTCG
MIMAT0018000:hsa-miR-23c|ATCACAT	287	210	215	441	386	286	ATCACAT
MIMAT0018000:hsa-miR-23c|CATCACA	227	217	132	233	235	147	CATCACA
MIMAT0018966:hsa-miR-4447|GGTGTGG	457	123	1507	3843	5400	2950	GGTGTGG
MIMAT0018966:hsa-miR-4447|TGGTGTG	329	88	958	2781	3810	2391	TGGTGTG
MIMAT0018967:hsa-miR-4448|GGCTCGT	78	49	80	94	221	94	GGCTCGT
MIMAT0018976:hsa-miR-4454|ATCCGAG	60	47	77	118	152	91	ATCCGAG
MIMAT0018976:hsa-miR-4454|TCGAATC	557	320	410	815	796	802	TCGAATC
MIMAT0018977:hsa-miR-4455|AGGGTGT	319	116	485	965	684	581	AGGGTGT
MIMAT0018977:hsa-miR-4455|TAGGGTG	291	62	311	887	565	483	TAGGGTG
MIMAT0018985:hsa-miR-3135b|GGCTGGT	354	596	481	435	1789	340	GGCTGGT
MIMAT0019017:hsa-miR-4483|GGTGTGG	292	112	948	2409	3735	1708	GGTGTGG
MIMAT0019017:hsa-miR-4483|TGGTGTG	69	25	194	620	782	543	TGGTGTG
MIMAT0019047:hsa-miR-4510|TGAGGGA	540	366	344	691	537	525	TGAGGGA
MIMAT0019058:hsa-miR-4521|GCTAAGG	62	37	41	110	83	64	GCTAAGG
MIMAT0019070:hsa-miR-4531|TGGATAA	204	42	138	164	126	136	TGGATAA
MIMAT0019761:hsa-miR-4677-3p|TCTGTGA	52	47	30	72	124	83	TCTGTGA
MIMAT0019805:hsa-miR-4705|TCAATCA	203	262	302	847	1783	383	TCAATCA
MIMAT0019963:hsa-miR-4791|TGGATAT	125	119	597	401	161	178	TGGATAT
MIMAT0022259:hsa-miR-5100|GTTCGAA	18	17	16	141	117	57	GTTCGAA
MIMAT0022272:hsa-miR-664b-3p|TTCATTT	133	89	127	473	534	391	TTCATTT
MIMAT0022482:hsa-miR-5690|TCAGCTA	205	146	127	227	203	177	TCAGCTA
MIMAT0022692:hsa-miR-181b-3p|CTCACTG	180	144	502	2397	2312	2119	CTCACTG
MIMAT0022696:hsa-miR-301a-5p|GCTCTGA	125	154	94	24	44	12	GCTCTGA
MIMAT0022697:hsa-miR-382-3p|AATCATT	1413	1183	1112	821	1276	669	AATCATT
MIMAT0022697:hsa-miR-382-3p|ATCATTC	153	99	76	42	81	35	ATCATTC
MIMAT0022700:hsa-miR-450a-1-3p|ATTGGGA	162	150	167	177	156	107	ATTGGGA
MIMAT0022705:hsa-miR-539-3p|ATCATAC	811	1013	1096	234	848	406	ATCATAC
MIMAT0022720:hsa-miR-1304-3p|TCTCACT	100	130	63	137	83	80	TCTCACT
MIMAT0022727:hsa-miR-1307-5p|TCGACCG	1203	1848	1706	1609	2616	1421	TCGACCG
MIMAT0022834:hsa-miR-365b-3p|TAATGCC	3345	2111	886	3325	17325	998	TAATGCC
MIMAT0022838:hsa-miR-1185-1-3p|ATATACA	1293	1177	1110	346	1156	500	ATATACA
MIMAT0022842:hsa-miR-98-3p|CTATACA	459	449	332	322	394	258	CTATACA
MIMAT0022842:hsa-miR-98-3p|TATACAA	113	118	108	100	125	105	TATACAA
MIMAT0022861:hsa-miR-376c-5p|GTGGATA	2050	1888	3012	541	1011	693	GTGGATA
MIMAT0022861:hsa-miR-376c-5p|GTGGATT	369	0	0	20	30	67	GTGGATT
MIMAT0022861:hsa-miR-376c-5p|TGGATAT	1249	0	728	0	382	400	TGGATAT
MIMAT0022923:hsa-miR-376b-5p|GTGGATA	2002	2013	59	395	1145	593	GTGGATA
MIMAT0022923:hsa-miR-376b-5p|GTGGATT	0	271	246	21	68	0	GTGGATT
MIMAT0022923:hsa-miR-376b-5p|TGGATAT	0	1412	485	348	309	7	TGGATAT
MIMAT0022924:hsa-miR-495-5p|GAAGTTG	250	298	272	115	224	86	GAAGTTG
MIMAT0024615:hsa-miR-6131|GGCTGGT	62	69	73	180	171	93	GGCTGGT
MIMAT0026472:hsa-let-7c-3p|CTGTACA	182	77	106	66	89	102	CTGTACA
MIMAT0026482:hsa-miR-190a-3p|ACTATAT	122	91	142	46	55	39	ACTATAT
MIMAT0026482:hsa-miR-190a-3p|CTATATA	121	61	61	17	21	22	CTATATA
MIMAT0026483:hsa-miR-370-5p|CAGGTCA	120	114	115	37	82	41	CAGGTCA
MIMAT0026557:hsa-miR-412-5p|TGGTCGA	293	218	283	39	243	139	TGGTCGA
MIMAT0026559:hsa-miR-487a-5p|GTGGTTA	122	142	94	47	98	63	GTGGTTA
MIMAT0031180:hsa-miR-7977|CCCGGCC	1353	563	698	988	1533	901	CCCGGCC
MIMAT0031180:hsa-miR-7977|TCCCGGC	1056	534	666	1034	1197	840	TCCCGGC
MIMAT0031180:hsa-miR-7977|TTCCCGG	1057	536	741	1386	1434	1048	TTCCCGG
MIMAT0039763:hsa-miR-9985|TTCACAG	599	391	194	368	392	534	TTCACAG
